path;community;model name;price;square feet;beds;baths;cars;home style;primary bed;full bath main;full bed on first;den/study
/new-homes/idaho/boise-metro/caldwell/brittany-heights-at-windsor-creek/agate;Brittany Heights at Windsor Creek;Agate;$ 468,990;3,435 - 3,654;4 - 6;2.5 - 3;2 - 4;2 Story;Up;;;
/new-homes/idaho/boise-metro/caldwell/brittany-heights-at-windsor-creek/alturas;Brittany Heights at Windsor Creek;Alturas;$ 345,990;1,446;3;2;2 - 3;1 Story;Down;;;
/new-homes/idaho/boise-metro/caldwell/brittany-heights-at-windsor-creek/amethyst;Brittany Heights at Windsor Creek;Amethyst;$ 386,990;2,008 - 2,204;3 - 5;2.5 - 3;2 - 4;1 Story;Down;;;
/new-homes/idaho/boise-metro/caldwell/brittany-heights-at-windsor-creek/ashton;Brittany Heights at Windsor Creek;Ashton;$ 346,990;1,466;3;2;2;1 Story;Down;;;
/new-homes/idaho/boise-metro/caldwell/brittany-heights-at-windsor-creek/birch;Brittany Heights at Windsor Creek;Birch;$ 355,990;1,620;3;2;2 - 3;1 Story;Down;;;
/new-homes/idaho/boise-metro/caldwell/brittany-heights-at-windsor-creek/brookfield;Brittany Heights at Windsor Creek;Brookfield;$ 371,990;1,888;3 - 4;2;2 - 3;1 Story;Down;;;
/new-homes/idaho/boise-metro/caldwell/brittany-heights-at-windsor-creek/brookfield-bonus;Brittany Heights at Windsor Creek;Brookfield Bonus;$ 391,990;2,279;3 - 5;2 - 3;2 - 3;1.5 Story;Down;;;
/new-homes/idaho/boise-metro/caldwell/brittany-heights-at-windsor-creek/crestwood;Brittany Heights at Windsor Creek;Crestwood;$ 376,990;2,009;3 - 4;2;2 - 3;1 Story;Down;;;
/new-homes/idaho/boise-metro/caldwell/brittany-heights-at-windsor-creek/emerald;Brittany Heights at Windsor Creek;Emerald;$ 410,990;2,433 - 2,633;3 - 4;3;2 - 4;1 Story;Down;;;
/new-homes/idaho/boise-metro/caldwell/brittany-heights-at-windsor-creek/garnet;Brittany Heights at Windsor Creek;Garnet;$ 416,990;2,695;4 - 6;2.5 - 4;2 - 3;2 Story;Up;;;
/new-homes/idaho/boise-metro/caldwell/brittany-heights-at-windsor-creek/maple-loft;Brittany Heights at Windsor Creek;Maple Loft;$ 403,990;2,483;3 - 5;2.5 - 4;2 - 3;2 Story;Up;;;
/new-homes/idaho/boise-metro/caldwell/brittany-heights-at-windsor-creek/monarch;Brittany Heights at Windsor Creek;Monarch;$ 335,990;1,230;3;2;2;1 Story;Down;;;
/new-homes/idaho/boise-metro/caldwell/brittany-heights-at-windsor-creek/monarch-bonus;Brittany Heights at Windsor Creek;Monarch Bonus;$ 358,990;1,666;3;2 - 3;2;1.5 Story;Down;;;
/new-homes/idaho/boise-metro/caldwell/brittany-heights-at-windsor-creek/opal-bonus;Brittany Heights at Windsor Creek;Opal Bonus;$ 424,990;2,653 - 2,851;3 - 5;2.5 - 4;2 - 4;1.5 Story;Down;;;
/new-homes/idaho/boise-metro/caldwell/brittany-heights-at-windsor-creek/payette;Brittany Heights at Windsor Creek;Payette;$ 371,990;1,880;3 - 4;2.5;2;2 Story;Up;;;
/new-homes/idaho/boise-metro/caldwell/brittany-heights-at-windsor-creek/ridenbaugh;Brittany Heights at Windsor Creek;Ridenbaugh;$ 335,990;1,244;3;2;2 - 3;1 Story;Down;;;
/new-homes/idaho/boise-metro/caldwell/brittany-heights-at-windsor-creek/spruce;Brittany Heights at Windsor Creek;Spruce;$ 437,990;3,065;4 - 7;2.5 - 4;2 - 3;2 Story;Up;;;
/new-homes/idaho/boise-metro/caldwell/brittany-heights-at-windsor-creek/tamarack;Brittany Heights at Windsor Creek;Tamarack;$ 349,990;1,519;3;2.5;2;2 Story;Up;;;
/new-homes/idaho/boise-metro/caldwell/brittany-heights-at-windsor-creek/tamarack-loft;Brittany Heights at Windsor Creek;Tamarack Loft;$ 360,990;1,700;3 - 4;2.5;2;2 Story;Up;;;
/new-homes/idaho/boise-metro/caldwell/brittany-heights-at-windsor-creek/topaz;Brittany Heights at Windsor Creek;Topaz;$ 447,990;3,064 - 3,298;4 - 5;3.5;2 - 4;2 Story;Up;;;
/new-homes/idaho/boise-metro/caldwell/brittany-heights-at-windsor-creek/trinity;Brittany Heights at Windsor Creek;Trinity;$ 421,990;2,804;4 - 6;2.5 - 3.5;2 - 3;Primary Down;Down;;;
/new-homes/idaho/boise-metro/caldwell/brittany-heights-at-windsor-creek/yosemite;Brittany Heights at Windsor Creek;Yosemite;$ 451,990;3,259;4 - 7;3.5 - 4;2 - 3;2 Story;Up;;;
/new-homes/idaho/boise-metro/caldwell/mason-creek/agate;Mason Creek;Agate;$ 489,990;3,435 - 3,654;4 - 6;2.5 - 3;2 - 4;2 Story;Up;;;
/new-homes/idaho/boise-metro/caldwell/mason-creek/alturas;Mason Creek;Alturas;$ 358,990;1,446;3;2;2 - 3;1 Story;Down;;;
/new-homes/idaho/boise-metro/caldwell/mason-creek/amethyst;Mason Creek;Amethyst;$ 403,990;2,008 - 2,204;3 - 5;2.5 - 3;2 - 4;1 Story;Down;;;
/new-homes/idaho/boise-metro/caldwell/mason-creek/birch;Mason Creek;Birch;$ 368,990;1,620;3;2;2 - 3;1 Story;Down;;;
/new-homes/idaho/boise-metro/caldwell/mason-creek/brookfield;Mason Creek;Brookfield;$ 386,990;1,888;3 - 4;2;2 - 3;1 Story;Down;;;
/new-homes/idaho/boise-metro/caldwell/mason-creek/brookfield-bonus;Mason Creek;Brookfield Bonus;$ 408,990;2,279;3 - 5;2 - 3;2 - 3;1.5 Story;Down;;;
/new-homes/idaho/boise-metro/caldwell/mason-creek/crestwood;Mason Creek;Crestwood;$ 393,990;2,009;3 - 4;2;2 - 3;1 Story;Down;;;
/new-homes/idaho/boise-metro/caldwell/mason-creek/emerald;Mason Creek;Emerald;$ 427,990;2,433 - 2,633;3 - 4;3;2 - 4;1 Story;Down;;;
/new-homes/idaho/boise-metro/caldwell/mason-creek/garnet;Mason Creek;Garnet;$ 433,990;2,695;4 - 6;2.5 - 4;2 - 3;2 Story;Up;;;
/new-homes/idaho/boise-metro/caldwell/mason-creek/maple-loft;Mason Creek;Maple Loft;$ 420,990;2,483;3 - 5;2.5 - 4;2 - 3;2 Story;Up;;;
/new-homes/idaho/boise-metro/caldwell/mason-creek/opal-bonus;Mason Creek;Opal Bonus;$ 441,990;2,653 - 2,851;3 - 5;2.5 - 4;2 - 4;1.5 Story;Down;;;
/new-homes/idaho/boise-metro/caldwell/mason-creek/ridenbaugh;Mason Creek;Ridenbaugh;$ 348,990;1,244;3;2;2 - 3;1 Story;Down;;;
/new-homes/idaho/boise-metro/caldwell/mason-creek/spruce;Mason Creek;Spruce;$ 454,990;3,065;4 - 7;2.5 - 4;2 - 3;2 Story;Up;;;
/new-homes/idaho/boise-metro/caldwell/mason-creek/topaz;Mason Creek;Topaz;$ 464,990;3,064 - 3,298;4 - 5;3.5;2 - 4;2 Story;Up;;;
/new-homes/idaho/boise-metro/caldwell/mason-creek/trinity;Mason Creek;Trinity;$ 438,990;2,804;4 - 6;2.5 - 3.5;2 - 3;Primary Down;Down;;;
/new-homes/idaho/boise-metro/caldwell/mason-creek/yosemite;Mason Creek;Yosemite;$ 468,990;3,259;4 - 7;3.5 - 4;2 - 3;2 Story;Up;;;
/new-homes/idaho/boise-metro/kuna/sera-sole/agate;Sera Sole;Agate;See agent for details;3,435 - 3,654;4 - 6;2.5 - 3;2 - 4;2 Story;Up;;;
/new-homes/idaho/boise-metro/kuna/sera-sole/alturas;Sera Sole;Alturas;See agent for details;1,446;3;2;2 - 3;1 Story;Down;;;
/new-homes/idaho/boise-metro/kuna/sera-sole/amethyst;Sera Sole;Amethyst;See agent for details;2,008 - 2,204;3 - 5;2.5 - 3;2 - 4;1 Story;Down;;;
/new-homes/idaho/boise-metro/kuna/sera-sole/birch;Sera Sole;Birch;See agent for details;1,620;3;2;2 - 3;1 Story;Down;;;
/new-homes/idaho/boise-metro/kuna/sera-sole/brookfield;Sera Sole;Brookfield;See agent for details;1,888;3 - 4;2;2 - 3;1 Story;Down;;;
/new-homes/idaho/boise-metro/kuna/sera-sole/brookfield-bonus;Sera Sole;Brookfield Bonus;See agent for details;2,279;3 - 5;2 - 3;2 - 3;1.5 Story;Down;;;
/new-homes/idaho/boise-metro/kuna/sera-sole/crestwood;Sera Sole;Crestwood;See agent for details;2,009;3 - 4;2;2 - 3;1 Story;Down;;;
/new-homes/idaho/boise-metro/kuna/sera-sole/garnet;Sera Sole;Garnet;See agent for details;2,695;4 - 6;2.5 - 4;2 - 3;2 Story;Up;;;
/new-homes/idaho/boise-metro/kuna/sera-sole/maple-loft;Sera Sole;Maple Loft;See Agent for Details;2,483;3 - 5;2.5 - 4;2 - 3;2 Story;Up;;;
/new-homes/idaho/boise-metro/kuna/sera-sole/opal-bonus;Sera Sole;Opal Bonus;See agent for details;2,653 - 2,851;3 - 5;2.5 - 4;2 - 4;1.5 Story;Down;;;
/new-homes/idaho/boise-metro/kuna/sera-sole/spruce;Sera Sole;Spruce;See agent for details;3,065;4 - 7;2.5 - 4;2 - 3;2 Story;Up;;;
/new-homes/idaho/boise-metro/kuna/sera-sole/topaz;Sera Sole;Topaz;See agent for details;3,064 - 3,298;4 - 5;3.5;2 - 4;2 Story;Up;;;
/new-homes/idaho/boise-metro/kuna/sera-sole/trinity;Sera Sole;Trinity;See agent for details;2,804;4 - 6;2.5 - 3.5;2 - 3;Primary Down;Down;;;
/new-homes/idaho/boise-metro/kuna/sera-sole/yosemite;Sera Sole;Yosemite;See agent for details;3,259;4 - 7;3.5 - 4;2 - 3;2 Story;Up;;;
/new-homes/idaho/boise-metro/meridian/canyons-at-prescott-ridge/bradshaw;Canyons at Prescott Ridge;Bradshaw;$ 402,990;1,528;2 - 3;2;2;1 Story;Down;Yes;Yes;
/new-homes/idaho/boise-metro/meridian/canyons-at-prescott-ridge/charlotte;Canyons at Prescott Ridge;Charlotte;$ 410,990;1,618;3 - 4;2;2;1 Story;Down;Yes;Yes;
/new-homes/idaho/boise-metro/meridian/canyons-at-prescott-ridge/phoenix;Canyons at Prescott Ridge;Phoenix;$ 449,990;2,078;3;2.5;2;2 Story;Up;No;No;
/new-homes/idaho/boise-metro/meridian/canyons-at-prescott-ridge/sierra;Canyons at Prescott Ridge;Sierra;$ 478,990;2,346;3 - 4;2.5;2;2 Story;Up;;;
/new-homes/idaho/boise-metro/meridian/ridgelines-at-prescott-ridge/alder;Ridgelines at Prescott Ridge;Alder;$ 496,990;2,100;3;2;2;1 Story;Down;Yes;Yes;
/new-homes/idaho/boise-metro/meridian/ridgelines-at-prescott-ridge/belmont;Ridgelines at Prescott Ridge;Belmont;$ 462,990;2,044;3 - 4;3;2;1 Story;Down;Yes;Yes;
/new-homes/idaho/boise-metro/meridian/ridgelines-at-prescott-ridge/glendale;Ridgelines at Prescott Ridge;Glendale;$ 499,990;2,400;3 - 4;2.5;2;2 Story;Up;;;
/new-homes/idaho/boise-metro/meridian/ridgelines-at-prescott-ridge/hemlock;Ridgelines at Prescott Ridge;Hemlock;$ 522,990;2,312;3;2.5;3;1 Story;Down;Yes;Yes;Yes
/new-homes/idaho/boise-metro/meridian/ridgelines-at-prescott-ridge/mesa;Ridgelines at Prescott Ridge;Mesa;$ 524,990;2,640;3 - 5;2.5 - 4;3;2 Story;Up;Optional;No;
/new-homes/idaho/boise-metro/meridian/ridgelines-at-prescott-ridge/oak;Ridgelines at Prescott Ridge;Oak;$ 551,990;2,563;3 - 4;3;3;1 Story;Down;Yes;Yes;Yes
/new-homes/idaho/boise-metro/meridian/ridgelines-at-prescott-ridge/ponderosa;Ridgelines at Prescott Ridge;Ponderosa;$ 560,990;2,664;3 - 4;3;3;1 Story;Down;Yes;Yes;Yes
/new-homes/idaho/boise-metro/meridian/ridgelines-at-prescott-ridge/sedona;Ridgelines at Prescott Ridge;Sedona;$ 551,990;2,828;4 - 5;2.5 - 3;3;2 Story;Down;Yes;;
/new-homes/idaho/boise-metro/meridian/woodcrest-townhomes/iris;Woodcrest Townhomes;Iris;$ 414,990;1,568;2;2.5;1;Townhome;Up;No;No;
/new-homes/idaho/boise-metro/meridian/woodcrest-townhomes/lotus;Woodcrest Townhomes;Lotus;$ 439,990;1,774;3;2.5;2;Townhome;Up;No;No;
/new-homes/idaho/boise-metro/meridian/woodcrest-townhomes/orchid;Woodcrest Townhomes;Orchid;$ 459,990;2,001;3 - 4;2.5;2;Townhome;;;;Yes
/new-homes/idaho/boise-metro/middleton/waterford/agate;Waterford;Agate;$ 514,990;3,435 - 3,654;4 - 6;2.5 - 3;3 - 4;2 Story;Up;;;
/new-homes/idaho/boise-metro/middleton/waterford/alturas;Waterford;Alturas;$ 383,990;1,446;3;2;3;1 Story;Down;;;
/new-homes/idaho/boise-metro/middleton/waterford/amethyst;Waterford;Amethyst;$ 433,990;2,008 - 2,204;3 - 5;2.5 - 3;3 - 4;1 Story;Down;;;
/new-homes/idaho/boise-metro/middleton/waterford/birch;Waterford;Birch;$ 398,990;1,620;3;2;3;1 Story;Down;;;
/new-homes/idaho/boise-metro/middleton/waterford/brookfield;Waterford;Brookfield;$ 411,990;1,888;3 - 4;2;3;1 Story;Down;;;
/new-homes/idaho/boise-metro/middleton/waterford/brookfield-bonus;Waterford;Brookfield Bonus;$ 436,990;2,279;3 - 5;2 - 3;3;1.5 Story;Down;;;
/new-homes/idaho/boise-metro/middleton/waterford/crestwood;Waterford;Crestwood;$ 423,990;2,009;3 - 4;2;3;1 Story;Down;;;
/new-homes/idaho/boise-metro/middleton/waterford/emerald;Waterford;Emerald;$ 455,990;2,433 - 2,633;3 - 4;3;3 - 4;1 Story;Down;;;
/new-homes/idaho/boise-metro/middleton/waterford/garnet;Waterford;Garnet;$ 466,990;2,695;4 - 6;2.5 - 4;3;2 Story;Up;;;
/new-homes/idaho/boise-metro/middleton/waterford/maple-loft;Waterford;Maple Loft;$ 448,990;2,483;3 - 5;2.5 - 4;3;2 Story;Up;;;
/new-homes/idaho/boise-metro/middleton/waterford/opal-bonus;Waterford;Opal Bonus;$ 472,990;2,653 - 2,851;3 - 5;2.5 - 4;3 - 4;1.5 Story;Down;;;
/new-homes/idaho/boise-metro/middleton/waterford/spruce;Waterford;Spruce;$ 482,990;3,065;4 - 7;2.5 - 4;3;2 Story;Up;;;
/new-homes/idaho/boise-metro/middleton/waterford/topaz;Waterford;Topaz;$ 492,990;3,064 - 3,298;4 - 5;3.5;3 - 4;2 Story;Up;;;
/new-homes/idaho/boise-metro/middleton/waterford/trinity;Waterford;Trinity;$ 470,990;2,804;4 - 6;2.5 - 3.5;3;Primary Down;Down;;;
/new-homes/idaho/boise-metro/middleton/waterford/yosemite;Waterford;Yosemite;$ 500,990;3,259;4 - 7;3.5 - 4;3;2 Story;Up;;;
/new-homes/idaho/boise-metro/mountain-home/silverstone-north/agate;Silverstone North;Agate;TBD;3,435 - 3,654;4 - 6;2.5 - 3;2 - 4;2 Story;Up;;;
/new-homes/idaho/boise-metro/mountain-home/silverstone-north/alturas;Silverstone North;Alturas;TBD;1,446;3;2;2 - 3;1 Story;Down;;;
/new-homes/idaho/boise-metro/mountain-home/silverstone-north/amethyst;Silverstone North;Amethyst;TBD;2,008 - 2,204;3 - 5;2.5 - 3;2 - 4;1 Story;Down;;;
/new-homes/idaho/boise-metro/mountain-home/silverstone-north/ashton;Silverstone North;Ashton;TBD;1,466;3;2;2;1 Story;Down;;;
/new-homes/idaho/boise-metro/mountain-home/silverstone-north/birch;Silverstone North;Birch;TBD;1,620;3;2;2 - 3;1 Story;Down;;;
/new-homes/idaho/boise-metro/mountain-home/silverstone-north/brookfield;Silverstone North;Brookfield;TBD;1,888;3 - 4;2;2 - 3;1 Story;Down;;;
/new-homes/idaho/boise-metro/mountain-home/silverstone-north/brookfield-bonus;Silverstone North;Brookfield Bonus;TBD;2,279;3 - 5;2 - 3;2 - 3;1.5 Story;Down;;;
/new-homes/idaho/boise-metro/mountain-home/silverstone-north/crestwood;Silverstone North;Crestwood;TBD;2,009;3 - 4;2;2 - 3;1 Story;Down;;;
/new-homes/idaho/boise-metro/mountain-home/silverstone-north/emerald;Silverstone North;Emerald;TBD;2,433 - 2,633;3 - 4;3;2 - 4;1 Story;Down;;;
/new-homes/idaho/boise-metro/mountain-home/silverstone-north/garnet;Silverstone North;Garnet;TBD;2,695;4 - 6;2.5 - 4;2 - 3;2 Story;Up;;;
/new-homes/idaho/boise-metro/mountain-home/silverstone-north/maple-loft;Silverstone North;Maple Loft;TBD;2,483;3 - 5;2.5 - 4;2 - 3;2 Story;Up;;;
/new-homes/idaho/boise-metro/mountain-home/silverstone-north/monarch;Silverstone North;Monarch;TBD;1,230;3;2;2;1 Story;Down;;;
/new-homes/idaho/boise-metro/mountain-home/silverstone-north/monarch-bonus;Silverstone North;Monarch Bonus;TBD;1,666;3;2 - 3;2;1.5 Story;Down;;;
/new-homes/idaho/boise-metro/mountain-home/silverstone-north/payette;Silverstone North;Payette;TBD;1,880;3 - 4;2.5;2;2 Story;Up;;;
/new-homes/idaho/boise-metro/mountain-home/silverstone-north/ridenbaugh;Silverstone North;Ridenbaugh;TBD;1,244;3;2;2 - 3;1 Story;Down;;;
/new-homes/idaho/boise-metro/mountain-home/silverstone-north/spruce;Silverstone North;Spruce;TBD;3,065;4 - 7;2.5 - 4;2 - 3;2 Story;Up;;;
/new-homes/idaho/boise-metro/mountain-home/silverstone-north/tamarack;Silverstone North;Tamarack;TBD;1,519;3;2.5;2;2 Story;Up;;;
/new-homes/idaho/boise-metro/mountain-home/silverstone-north/tamarack-loft;Silverstone North;Tamarack Loft;TBD;1,700;3 - 4;2.5;2;2 Story;Up;;;
/new-homes/idaho/boise-metro/mountain-home/silverstone-north/topaz;Silverstone North;Topaz;TBD;3,064 - 3,298;4 - 5;3.5;2 - 4;2 Story;Up;;;
/new-homes/idaho/boise-metro/mountain-home/silverstone-north/trinity;Silverstone North;Trinity;See Agent for Details;2,804;4 - 6;2.5 - 3.5;2 - 3;Primary Down;Down;;;
/new-homes/idaho/boise-metro/mountain-home/silverstone-north/yosemite;Silverstone North;Yosemite;TBD;3,259;4 - 7;3.5 - 4;2 - 3;2 Story;Up;;;
/new-homes/idaho/boise-metro/nampa/adams-ridge/agate;Adams Ridge;Agate;$ 498,990;3,435 - 3,654;4 - 6;2.5 - 3;2 - 4;2 Story;Up;;;
/new-homes/idaho/boise-metro/nampa/adams-ridge/alturas;Adams Ridge;Alturas;$ 366,990;1,446;3;2;2 - 3;1 Story;Down;;;
/new-homes/idaho/boise-metro/nampa/adams-ridge/amethyst;Adams Ridge;Amethyst;$ 412,990;2,008 - 2,204;3 - 5;2.5 - 3;2 - 4;1 Story;Down;;;
/new-homes/idaho/boise-metro/nampa/adams-ridge/ashton;Adams Ridge;Ashton;$ 356,990;1,466;3;2;2;1 Story;Down;;;
/new-homes/idaho/boise-metro/nampa/adams-ridge/birch;Adams Ridge;Birch;$ 381,990;1,620;3;2;2 - 3;1 Story;Down;;;
/new-homes/idaho/boise-metro/nampa/adams-ridge/brookfield;Adams Ridge;Brookfield;$ 389,990;1,888;3 - 4;2;2 - 3;1 Story;Down;;;
/new-homes/idaho/boise-metro/nampa/adams-ridge/brookfield-bonus;Adams Ridge;Brookfield Bonus;$ 416,990;2,279;3 - 5;2 - 3;2 - 3;1.5 Story;Down;;;
/new-homes/idaho/boise-metro/nampa/adams-ridge/crestwood;Adams Ridge;Crestwood;$ 402,990;2,009;3 - 4;2;2 - 3;1 Story;Down;;;
/new-homes/idaho/boise-metro/nampa/adams-ridge/emerald;Adams Ridge;Emerald;$ 431,990;2,433 - 2,633;3 - 4;3;2 - 4;1 Story;Down;;;
/new-homes/idaho/boise-metro/nampa/adams-ridge/garnet;Adams Ridge;Garnet;$ 443,990;2,695;4 - 6;2.5 - 4;2 - 3;2 Story;Up;;;
/new-homes/idaho/boise-metro/nampa/adams-ridge/maple-loft;Adams Ridge;Maple Loft;$ 423,990;2,483;3 - 5;2.5 - 4;2 - 3;2 Story;Up;;;
/new-homes/idaho/boise-metro/nampa/adams-ridge/monarch;Adams Ridge;Monarch;$ 346,990;1,230;3;2;2;1 Story;Down;;;
/new-homes/idaho/boise-metro/nampa/adams-ridge/monarch-bonus;Adams Ridge;Monarch Bonus;$ 372,990;1,666;3;2 - 3;2;1.5 Story;Down;;;
/new-homes/idaho/boise-metro/nampa/adams-ridge/opal-bonus;Adams Ridge;Opal Bonus;$ 448,990;2,653 - 2,851;3 - 5;2.5 - 4;2 - 4;1.5 Story;Down;;;
/new-homes/idaho/boise-metro/nampa/adams-ridge/payette;Adams Ridge;Payette;$ 385,990;1,880;3 - 4;2.5;2;2 Story;Up;;;
/new-homes/idaho/boise-metro/nampa/adams-ridge/ridenbaugh;Adams Ridge;Ridenbaugh;$ 356,990;1,244;3;2;2 - 3;1 Story;Down;;;
/new-homes/idaho/boise-metro/nampa/adams-ridge/spruce;Adams Ridge;Spruce;$ 463,990;3,065;4 - 7;2.5 - 4;2 - 3;2 Story;Up;;;
/new-homes/idaho/boise-metro/nampa/adams-ridge/tamarack;Adams Ridge;Tamarack;$ 365,990;1,519;3;2.5;2;2 Story;Up;;;
/new-homes/idaho/boise-metro/nampa/adams-ridge/tamarack-loft;Adams Ridge;Tamarack Loft;$ 373,990;1,700;3 - 4;2.5;2;2 Story;Up;;;
/new-homes/idaho/boise-metro/nampa/adams-ridge/topaz;Adams Ridge;Topaz;$ 473,990;3,064 - 3,298;4 - 5;3.5;2 - 4;2 Story;Up;;;
/new-homes/idaho/boise-metro/nampa/adams-ridge/trinity;Adams Ridge;Trinity;$ 445,990;2,804;4 - 6;2.5 - 3.5;2 - 3;Primary Down;Down;;;
/new-homes/idaho/boise-metro/nampa/adams-ridge/yosemite;Adams Ridge;Yosemite;$ 480,990;3,259;4 - 7;3.5 - 4;2 - 3;2 Story;Up;;;
/new-homes/idaho/boise-metro/nampa/franklin-village-north/agate;Franklin Village North;Agate;$ 504,990;3,435 - 3,654;4 - 6;2.5 - 3;2 - 4;2 Story;Up;;;
/new-homes/idaho/boise-metro/nampa/franklin-village-north/alturas;Franklin Village North;Alturas;$ 371,990;1,446;3;2;2 - 3;1 Story;Down;;;
/new-homes/idaho/boise-metro/nampa/franklin-village-north/amethyst;Franklin Village North;Amethyst;$ 421,990;2,008 - 2,204;3 - 5;2.5 - 3;2 - 4;1 Story;Down;;;
/new-homes/idaho/boise-metro/nampa/franklin-village-north/birch;Franklin Village North;Birch;$ 386,990;1,620;3;2;2 - 3;1 Story;Down;;;
/new-homes/idaho/boise-metro/nampa/franklin-village-north/brookfield;Franklin Village North;Brookfield;$ 399,990;1,888;3 - 4;2;2 - 3;1 Story;Down;;;
/new-homes/idaho/boise-metro/nampa/franklin-village-north/brookfield-bonus;Franklin Village North;Brookfield Bonus;$ 421,990;2,279;3 - 5;2 - 3;2 - 3;1.5 Story;Down;;;
/new-homes/idaho/boise-metro/nampa/franklin-village-north/crestwood;Franklin Village North;Crestwood;$ 411,990;2,009;3 - 4;2;2 - 3;1 Story;Down;;;
/new-homes/idaho/boise-metro/nampa/franklin-village-north/emerald;Franklin Village North;Emerald;$ 440,990;2,433 - 2,633;3 - 4;3;2 - 4;1 Story;Down;;;
/new-homes/idaho/boise-metro/nampa/franklin-village-north/garnet;Franklin Village North;Garnet;$ 450,990;2,695;4 - 6;2.5 - 4;2 - 3;2 Story;Up;;;
/new-homes/idaho/boise-metro/nampa/franklin-village-north/maple-loft;Franklin Village North;Maple Loft;$ 433,990;2,483;3 - 5;2.5 - 4;2 - 3;2 Story;Up;;;
/new-homes/idaho/boise-metro/nampa/franklin-village-north/opal-bonus;Franklin Village North;Opal Bonus;$ 456,990;2,653 - 2,851;3 - 5;2.5 - 4;2 - 4;1.5 Story;Down;;;
/new-homes/idaho/boise-metro/nampa/franklin-village-north/spruce;Franklin Village North;Spruce;$ 474,990;3,065;4 - 7;2.5 - 4;2 - 3;2 Story;Up;;;
/new-homes/idaho/boise-metro/nampa/franklin-village-north/topaz;Franklin Village North;Topaz;$ 485,990;3,064 - 3,298;4 - 5;3.5;2 - 4;2 Story;Up;;;
/new-homes/idaho/boise-metro/nampa/franklin-village-north/trinity;Franklin Village North;Trinity;$ 456,990;2,804;4 - 6;2.5 - 3.5;2 - 3;Primary Down;Down;;;
/new-homes/idaho/boise-metro/nampa/franklin-village-north/yosemite;Franklin Village North;Yosemite;$ 485,990;3,259;4 - 7;3.5 - 4;2 - 3;2 Story;Up;;;
/new-homes/idaho/boise-metro/nampa/southern-ridge/agate;Southern Ridge;Agate;Sold Out;3,435 - 3,654;4 - 6;2.5 - 3;2 - 4;2 Story;Up;;;
/new-homes/idaho/boise-metro/nampa/southern-ridge/amethyst;Southern Ridge;Amethyst;Sold Out;2,008 - 2,204;3 - 5;2.5 - 3;2 - 4;1 Story;Down;;;
/new-homes/idaho/boise-metro/nampa/southern-ridge/birch;Southern Ridge;Birch;Sold Out;1,620;3;2;2 - 3;1 Story;Down;;;
/new-homes/idaho/boise-metro/nampa/southern-ridge/brookfield;Southern Ridge;Brookfield;Sold Out;1,888;3 - 4;2;2 - 3;1 Story;Down;;;
/new-homes/idaho/boise-metro/nampa/southern-ridge/brookfield-bonus;Southern Ridge;Brookfield Bonus;Sold Out;2,279;3 - 5;2 - 3;2 - 3;1.5 Story;Down;;;
/new-homes/idaho/boise-metro/nampa/southern-ridge/crestwood;Southern Ridge;Crestwood;Sold Out;2,009;3 - 4;2;2 - 3;1 Story;Down;;;
/new-homes/idaho/boise-metro/nampa/southern-ridge/emerald;Southern Ridge;Emerald;Sold Out;2,433 - 2,633;3 - 4;3;2 - 4;1 Story;Down;;;
/new-homes/idaho/boise-metro/nampa/southern-ridge/garnet;Southern Ridge;Garnet;Sold Out;2,695;4 - 6;2.5 - 4;2 - 3;2 Story;Up;;;
/new-homes/idaho/boise-metro/nampa/southern-ridge/maple-loft;Southern Ridge;Maple Loft;Sold Out;2,483;3 - 5;2.5 - 4;2 - 3;2 Story;Up;;;
/new-homes/idaho/boise-metro/nampa/southern-ridge/opal-bonus;Southern Ridge;Opal Bonus;Sold Out;2,653 - 2,851;3 - 5;2.5 - 4;2 - 4;1.5 Story;Down;;;
/new-homes/idaho/boise-metro/nampa/southern-ridge/spruce;Southern Ridge;Spruce;Sold Out;3,065;4 - 7;2.5 - 4;2 - 3;2 Story;Up;;;
/new-homes/idaho/boise-metro/nampa/southern-ridge/topaz;Southern Ridge;Topaz;Sold Out;3,064 - 3,298;4 - 5;3.5;2 - 4;2 Story;Up;;;
/new-homes/idaho/boise-metro/nampa/southern-ridge/trinity;Southern Ridge;Trinity;Sold Out;2,804;4 - 6;2.5 - 3.5;2 - 3;Primary Down;Down;;;
/new-homes/idaho/boise-metro/nampa/southern-ridge/yosemite;Southern Ridge;Yosemite;Sold Out;3,259;4 - 7;3.5 - 4;2 - 3;2 Story;Up;;;
/new-homes/idaho/boise-metro/nampa/sunnyvale/agate;Sunnyvale;Agate;$ 491,990;3,435 - 3,654;4 - 6;2.5 - 3;2 - 4;2 Story;Up;;;
/new-homes/idaho/boise-metro/nampa/sunnyvale/alturas;Sunnyvale;Alturas;$ 360,990;1,446;3;2;2 - 3;1 Story;Down;;;
/new-homes/idaho/boise-metro/nampa/sunnyvale/amethyst;Sunnyvale;Amethyst;$ 401,990;2,008 - 2,204;3 - 5;2.5 - 3;2 - 4;1 Story;Down;;;
/new-homes/idaho/boise-metro/nampa/sunnyvale/birch;Sunnyvale;Birch;$ 370,990;1,620;3;2;2 - 3;1 Story;Down;;;
/new-homes/idaho/boise-metro/nampa/sunnyvale/brookfield;Sunnyvale;Brookfield;$ 383,990;1,888;3 - 4;2;2 - 3;1 Story;Down;;;
/new-homes/idaho/boise-metro/nampa/sunnyvale/brookfield-bonus;Sunnyvale;Brookfield Bonus;$ 403,990;2,279;3 - 5;2 - 3;2 - 3;1.5 Story;Down;;;
/new-homes/idaho/boise-metro/nampa/sunnyvale/crestwood;Sunnyvale;Crestwood;$ 391,990;2,009;3 - 4;2;2 - 3;1 Story;Down;;;
/new-homes/idaho/boise-metro/nampa/sunnyvale/emerald;Sunnyvale;Emerald;$ 422,990;2,433 - 2,633;3 - 4;3;2 - 4;1 Story;Down;;;
/new-homes/idaho/boise-metro/nampa/sunnyvale/garnet;Sunnyvale;Garnet;$ 430,990;2,695;4 - 6;2.5 - 4;2 - 3;2 Story;Up;;;
/new-homes/idaho/boise-metro/nampa/sunnyvale/maple-loft;Sunnyvale;Maple Loft;$ 415,990;2,483;3 - 5;2.5 - 4;2 - 3;2 Story;Up;;;
/new-homes/idaho/boise-metro/nampa/sunnyvale/opal-bonus;Sunnyvale;Opal Bonus;$ 437,990;2,653 - 2,851;3 - 5;2.5 - 4;2 - 4;1.5 Story;Down;;;
/new-homes/idaho/boise-metro/nampa/sunnyvale/ridenbaugh;Sunnyvale;Ridenbaugh;$ 350,990;1,244;3;2;2 - 3;1 Story;Down;;;
/new-homes/idaho/boise-metro/nampa/sunnyvale/spruce;Sunnyvale;Spruce;$ 454,990;3,065;4 - 7;2.5 - 4;2 - 3;2 Story;Up;;;
/new-homes/idaho/boise-metro/nampa/sunnyvale/topaz;Sunnyvale;Topaz;$ 468,990;3,064 - 3,298;4 - 5;3.5;2 - 4;2 Story;Up;;;
/new-homes/idaho/boise-metro/nampa/sunnyvale/trinity;Sunnyvale;Trinity;$ 438,990;2,804;4 - 6;2.5 - 3.5;2 - 3;Primary Down;Down;;;
/new-homes/idaho/boise-metro/nampa/sunnyvale/yosemite;Sunnyvale;Yosemite;$ 472,990;3,259;4 - 7;3.5 - 4;2 - 3;2 Story;Up;;;
/new-homes/idaho/boise-metro/star/greendale-grove/agate;Greendale Grove;Agate;$ 545,990;3,435 - 3,654;4 - 6;2.5 - 3;2 - 4;2 Story;Up;;;
/new-homes/idaho/boise-metro/star/greendale-grove/alturas;Greendale Grove;Alturas;$ 397,990;1,446;3;2;2 - 3;1 Story;Down;;;
/new-homes/idaho/boise-metro/star/greendale-grove/amethyst;Greendale Grove;Amethyst;$ 449,990;2,008 - 2,204;3 - 5;2.5 - 3;2 - 4;1 Story;Down;;;
/new-homes/idaho/boise-metro/star/greendale-grove/birch;Greendale Grove;Birch;$ 412,990;1,620;3;2;2 - 3;1 Story;Down;;;
/new-homes/idaho/boise-metro/star/greendale-grove/brookfield;Greendale Grove;Brookfield;$ 430,990;1,888;3 - 4;2;2 - 3;1 Story;Down;;;
/new-homes/idaho/boise-metro/star/greendale-grove/brookfield-bonus;Greendale Grove;Brookfield Bonus;$ 457,990;2,279;3 - 5;2 - 3;2 - 3;1.5 Story;Down;;;
/new-homes/idaho/boise-metro/star/greendale-grove/crestwood;Greendale Grove;Crestwood;$ 439,990;2,009;3 - 4;2;2 - 3;1 Story;Down;;;
/new-homes/idaho/boise-metro/star/greendale-grove/emerald;Greendale Grove;Emerald;$ 477,990;2,433 - 2,633;3 - 4;3;2 - 4;1 Story;Down;;;
/new-homes/idaho/boise-metro/star/greendale-grove/garnet;Greendale Grove;Garnet;$ 490,990;2,695;4 - 6;2.5 - 4;2 - 3;2 Story;Up;;;
/new-homes/idaho/boise-metro/star/greendale-grove/maple-loft;Greendale Grove;Maple Loft;$ 470,990;2,483;3 - 5;2.5 - 4;2 - 3;2 Story;Up;;;
/new-homes/idaho/boise-metro/star/greendale-grove/opal-bonus;Greendale Grove;Opal Bonus;$ 495,990;2,653 - 2,851;3 - 5;2.5 - 4;2 - 4;1.5 Story;Down;;;
/new-homes/idaho/boise-metro/star/greendale-grove/spruce;Greendale Grove;Spruce;$ 509,990;3,065;4 - 7;2.5 - 4;2 - 3;2 Story;Up;;;
/new-homes/idaho/boise-metro/star/greendale-grove/topaz;Greendale Grove;Topaz;$ 520,990;3,064 - 3,298;4 - 5;3.5;2 - 4;2 Story;Up;;;
/new-homes/idaho/boise-metro/star/greendale-grove/trinity;Greendale Grove;Trinity;$ 494,990;2,804;4 - 6;2.5 - 3.5;2 - 3;Primary Down;Down;;;
/new-homes/idaho/boise-metro/star/greendale-grove/yosemite;Greendale Grove;Yosemite;$ 525,990;3,259;4 - 7;3.5 - 4;2 - 3;2 Story;Up;;;
/new-homes/idaho/boise-metro/star/sellwood/alder;Sellwood;Alder;$ 490,990;2,100;3;2;2;1 Story;Down;Yes;Yes;
/new-homes/idaho/boise-metro/star/sellwood/hemlock;Sellwood;Hemlock;$ 509,990;2,312;3;2.5;3;1 Story;Down;Yes;Yes;Yes
/new-homes/idaho/boise-metro/star/sellwood/oak;Sellwood;Oak;$ 531,990;2,563;3 - 4;3;3;1 Story;Down;Yes;Yes;Yes
/new-homes/idaho/boise-metro/star/sellwood/ponderosa;Sellwood;Ponderosa;$ 540,990;2,664;3 - 4;3;3;1 Story;Down;Yes;Yes;Yes
